Any,Codi_Districte,Nom_Districte,Codi_Barri,Nom_Barri,Seccio_Censal,Import_Euros
2017,1,Ciutat Vella,1,el Raval,1,26107
2017,1,Ciutat Vella,1,el Raval,2,21293
2017,1,Ciutat Vella,1,el Raval,3,23006
2017,1,Ciutat Vella,1,el Raval,4,26101
2017,1,Ciutat Vella,1,el Raval,5,20926
2017,1,Ciutat Vella,1,el Raval,6,24647
2017,1,Ciutat Vella,1,el Raval,7,25502
2017,1,Ciutat Vella,1,el Raval,8,20974
2017,1,Ciutat Vella,1,el Raval,9,23142
2017,1,Ciutat Vella,1,el Raval,10,22993
2017,1,Ciutat Vella,1,el Raval,11,19929
2017,1,Ciutat Vella,1,el Raval,12,24079
2017,1,Ciutat Vella,1,el Raval,13,26844
2017,1,Ciutat Vella,1,el Raval,14,26126
2017,1,Ciutat Vella,1,el Raval,15,25478
2017,1,Ciutat Vella,1,el Raval,16,25076
2017,1,Ciutat Vella,1,el Raval,17,24301
2017,1,Ciutat Vella,1,el Raval,18,24624
2017,1,Ciutat Vella,1,el Raval,19,21916
2017,1,Ciutat Vella,1,el Raval,20,31664
2017,1,Ciutat Vella,1,el Raval,21,27335
2017,1,Ciutat Vella,2,el Gòtic,22,32561
2017,1,Ciutat Vella,2,el Gòtic,23,29466
2017,1,Ciutat Vella,2,el Gòtic,25,26230
2017,1,Ciutat Vella,2,el Gòtic,26,28897
2017,1,Ciutat Vella,2,el Gòtic,27,28962
2017,1,Ciutat Vella,2,el Gòtic,28,25190
2017,1,Ciutat Vella,2,el Gòtic,29,23385
2017,1,Ciutat Vella,2,el Gòtic,30,24809
2017,1,Ciutat Vella,2,el Gòtic,31,25840
2017,1,Ciutat Vella,3,la Barceloneta,32,26404
2017,1,Ciutat Vella,3,la Barceloneta,33,23237
2017,1,Ciutat Vella,3,la Barceloneta,34,21969
2017,1,Ciutat Vella,3,la Barceloneta,35,22558
2017,1,Ciutat Vella,3,la Barceloneta,36,27531
2017,1,Ciutat Vella,3,la Barceloneta,37,27011
2017,1,Ciutat Vella,3,la Barceloneta,38,20984
2017,1,Ciutat Vella,3,la Barceloneta,39,26004
2017,1,Ciutat Vella,3,la Barceloneta,40,25698
2017,1,Ciutat Vella,3,la Barceloneta,41,21064
2017,1,Ciutat Vella,3,la Barceloneta,42,28123
2017,1,Ciutat Vella,4,"Sant Pere, Santa Caterina i la Ribera",43,31880
2017,1,Ciutat Vella,4,"Sant Pere, Santa Caterina i la Ribera",44,30409
2017,1,Ciutat Vella,4,"Sant Pere, Santa Caterina i la Ribera",45,24712
2017,1,Ciutat Vella,4,"Sant Pere, Santa Caterina i la Ribera",46,23920
2017,1,Ciutat Vella,4,"Sant Pere, Santa Caterina i la Ribera",47,23459
2017,1,Ciutat Vella,4,"Sant Pere, Santa Caterina i la Ribera",48,21870
2017,1,Ciutat Vella,4,"Sant Pere, Santa Caterina i la Ribera",49,29123
2017,1,Ciutat Vella,4,"Sant Pere, Santa Caterina i la Ribera",50,27499
2017,1,Ciutat Vella,4,"Sant Pere, Santa Caterina i la Ribera",51,22730
2017,1,Ciutat Vella,4,"Sant Pere, Santa Caterina i la Ribera",52,36978
2017,1,Ciutat Vella,4,"Sant Pere, Santa Caterina i la Ribera",53,23206
2017,1,Ciutat Vella,4,"Sant Pere, Santa Caterina i la Ribera",54,26295
2017,1,Ciutat Vella,4,"Sant Pere, Santa Caterina i la Ribera",55,34283
2017,2,Eixample,5,el Fort Pienc,1,38099
2017,2,Eixample,5,el Fort Pienc,2,36857
2017,2,Eixample,5,el Fort Pienc,3,44541
2017,2,Eixample,5,el Fort Pienc,4,34356
2017,2,Eixample,5,el Fort Pienc,5,42226
2017,2,Eixample,5,el Fort Pienc,6,43939
2017,2,Eixample,5,el Fort Pienc,7,42868
2017,2,Eixample,5,el Fort Pienc,8,43027
2017,2,Eixample,5,el Fort Pienc,9,41458
2017,2,Eixample,5,el Fort Pienc,10,39324
2017,2,Eixample,5,el Fort Pienc,11,42835
2017,2,Eixample,5,el Fort Pienc,12,35548
2017,2,Eixample,5,el Fort Pienc,13,30842
2017,2,Eixample,5,el Fort Pienc,14,29525
2017,2,Eixample,5,el Fort Pienc,15,31372
2017,2,Eixample,5,el Fort Pienc,16,40837
2017,2,Eixample,5,el Fort Pienc,17,42775
2017,2,Eixample,5,el Fort Pienc,18,44003
2017,2,Eixample,5,el Fort Pienc,19,37209
2017,2,Eixample,5,el Fort Pienc,20,32761
2017,2,Eixample,6,la Sagrada Família,21,33271
2017,2,Eixample,6,la Sagrada Família,22,37732
2017,2,Eixample,6,la Sagrada Família,23,37252
2017,2,Eixample,6,la Sagrada Família,24,34055
2017,2,Eixample,6,la Sagrada Família,25,31324
2017,2,Eixample,6,la Sagrada Família,26,38752
2017,2,Eixample,6,la Sagrada Família,27,38193
2017,2,Eixample,6,la Sagrada Família,28,36776
2017,2,Eixample,6,la Sagrada Família,29,39326
2017,2,Eixample,6,la Sagrada Família,30,30159
2017,2,Eixample,6,la Sagrada Família,31,43432
2017,2,Eixample,6,la Sagrada Família,32,38948
2017,2,Eixample,6,la Sagrada Família,33,35117
2017,2,Eixample,6,la Sagrada Família,34,29956
2017,2,Eixample,6,la Sagrada Família,35,37637
2017,2,Eixample,6,la Sagrada Família,36,43257
2017,2,Eixample,6,la Sagrada Família,37,43354
2017,2,Eixample,6,la Sagrada Família,38,42694
2017,2,Eixample,6,la Sagrada Família,39,34497
2017,2,Eixample,6,la Sagrada Família,40,32204
2017,2,Eixample,6,la Sagrada Família,41,35662
2017,2,Eixample,6,la Sagrada Família,42,44438
2017,2,Eixample,6,la Sagrada Família,43,42587
2017,2,Eixample,6,la Sagrada Família,44,34047
2017,2,Eixample,6,la Sagrada Família,45,42648
2017,2,Eixample,6,la Sagrada Família,46,33456
2017,2,Eixample,6,la Sagrada Família,47,37173
2017,2,Eixample,6,la Sagrada Família,48,37728
2017,2,Eixample,6,la Sagrada Família,49,32407
2017,2,Eixample,6,la Sagrada Família,50,34173
2017,2,Eixample,6,la Sagrada Família,51,34038
2017,2,Eixample,6,la Sagrada Família,52,37027
2017,2,Eixample,6,la Sagrada Família,53,36009
2017,2,Eixample,6,la Sagrada Família,54,39174
2017,2,Eixample,7,la Dreta de l'Eixample,55,40106
2017,2,Eixample,7,la Dreta de l'Eixample,56,37604
2017,2,Eixample,7,la Dreta de l'Eixample,57,52026
2017,2,Eixample,7,la Dreta de l'Eixample,58,43771
2017,2,Eixample,7,la Dreta de l'Eixample,59,48110
2017,2,Eixample,7,la Dreta de l'Eixample,60,44541
2017,2,Eixample,7,la Dreta de l'Eixample,61,35968
2017,2,Eixample,7,la Dreta de l'Eixample,62,46252
2017,2,Eixample,7,la Dreta de l'Eixample,63,64049
2017,2,Eixample,7,la Dreta de l'Eixample,64,53622
2017,2,Eixample,7,la Dreta de l'Eixample,65,43287
2017,2,Eixample,7,la Dreta de l'Eixample,66,42845
2017,2,Eixample,7,la Dreta de l'Eixample,67,36894
2017,2,Eixample,7,la Dreta de l'Eixample,68,39847
2017,2,Eixample,7,la Dreta de l'Eixample,69,46118
2017,2,Eixample,7,la Dreta de l'Eixample,70,46077
2017,2,Eixample,7,la Dreta de l'Eixample,71,50080
2017,2,Eixample,7,la Dreta de l'Eixample,72,56277
2017,2,Eixample,7,la Dreta de l'Eixample,73,50798
2017,2,Eixample,7,la Dreta de l'Eixample,74,51570
2017,2,Eixample,7,la Dreta de l'Eixample,75,47252
2017,2,Eixample,7,la Dreta de l'Eixample,76,53747
2017,2,Eixample,7,la Dreta de l'Eixample,77,49168
2017,2,Eixample,7,la Dreta de l'Eixample,78,57845
2017,2,Eixample,7,la Dreta de l'Eixample,79,52184
2017,2,Eixample,7,la Dreta de l'Eixample,80,57497
2017,2,Eixample,7,la Dreta de l'Eixample,81,53610
2017,2,Eixample,7,la Dreta de l'Eixample,82,50761
2017,2,Eixample,7,la Dreta de l'Eixample,83,61149
2017,2,Eixample,8,l'Antiga Esquerra de l'Eixample,84,43137
2017,2,Eixample,8,l'Antiga Esquerra de l'Eixample,85,46048
2017,2,Eixample,8,l'Antiga Esquerra de l'Eixample,86,47406
2017,2,Eixample,8,l'Antiga Esquerra de l'Eixample,87,44076
2017,2,Eixample,8,l'Antiga Esquerra de l'Eixample,88,46030
2017,2,Eixample,8,l'Antiga Esquerra de l'Eixample,89,44749
2017,2,Eixample,8,l'Antiga Esquerra de l'Eixample,90,39431
2017,2,Eixample,8,l'Antiga Esquerra de l'Eixample,91,42083
2017,2,Eixample,8,l'Antiga Esquerra de l'Eixample,92,39878
2017,2,Eixample,8,l'Antiga Esquerra de l'Eixample,93,43157
2017,2,Eixample,8,l'Antiga Esquerra de l'Eixample,94,44578
2017,2,Eixample,8,l'Antiga Esquerra de l'Eixample,95,42199
2017,2,Eixample,8,l'Antiga Esquerra de l'Eixample,96,39379
2017,2,Eixample,8,l'Antiga Esquerra de l'Eixample,97,36395
2017,2,Eixample,8,l'Antiga Esquerra de l'Eixample,98,37719
2017,2,Eixample,8,l'Antiga Esquerra de l'Eixample,99,47829
2017,2,Eixample,8,l'Antiga Esquerra de l'Eixample,100,42257
2017,2,Eixample,8,l'Antiga Esquerra de l'Eixample,101,40228
2017,2,Eixample,8,l'Antiga Esquerra de l'Eixample,102,48363
2017,2,Eixample,8,l'Antiga Esquerra de l'Eixample,103,35262
2017,2,Eixample,8,l'Antiga Esquerra de l'Eixample,104,46610
2017,2,Eixample,8,l'Antiga Esquerra de l'Eixample,105,37610
2017,2,Eixample,8,l'Antiga Esquerra de l'Eixample,106,48237
2017,2,Eixample,8,l'Antiga Esquerra de l'Eixample,107,48994
2017,2,Eixample,8,l'Antiga Esquerra de l'Eixample,108,51518
2017,2,Eixample,8,l'Antiga Esquerra de l'Eixample,109,52281
2017,2,Eixample,9,la Nova Esquerra de l'Eixample,110,38070
2017,2,Eixample,9,la Nova Esquerra de l'Eixample,111,40796
2017,2,Eixample,9,la Nova Esquerra de l'Eixample,112,53345
2017,2,Eixample,9,la Nova Esquerra de l'Eixample,113,50970
2017,2,Eixample,9,la Nova Esquerra de l'Eixample,114,40417
2017,2,Eixample,9,la Nova Esquerra de l'Eixample,115,38033
2017,2,Eixample,9,la Nova Esquerra de l'Eixample,116,50794
2017,2,Eixample,9,la Nova Esquerra de l'Eixample,117,43506
2017,2,Eixample,9,la Nova Esquerra de l'Eixample,118,48481
2017,2,Eixample,9,la Nova Esquerra de l'Eixample,119,44766
2017,2,Eixample,9,la Nova Esquerra de l'Eixample,120,40018
2017,2,Eixample,9,la Nova Esquerra de l'Eixample,121,40381
2017,2,Eixample,9,la Nova Esquerra de l'Eixample,122,52753
2017,2,Eixample,9,la Nova Esquerra de l'Eixample,123,37034
2017,2,Eixample,9,la Nova Esquerra de l'Eixample,124,44180
2017,2,Eixample,9,la Nova Esquerra de l'Eixample,125,42909
2017,2,Eixample,9,la Nova Esquerra de l'Eixample,126,44363
2017,2,Eixample,9,la Nova Esquerra de l'Eixample,127,36846
2017,2,Eixample,9,la Nova Esquerra de l'Eixample,128,35716
2017,2,Eixample,9,la Nova Esquerra de l'Eixample,129,43312
2017,2,Eixample,9,la Nova Esquerra de l'Eixample,130,65552
2017,2,Eixample,9,la Nova Esquerra de l'Eixample,131,38177
2017,2,Eixample,9,la Nova Esquerra de l'Eixample,132,40073
2017,2,Eixample,9,la Nova Esquerra de l'Eixample,133,42767
2017,2,Eixample,9,la Nova Esquerra de l'Eixample,134,37891
2017,2,Eixample,9,la Nova Esquerra de l'Eixample,135,33948
2017,2,Eixample,9,la Nova Esquerra de l'Eixample,136,42700
2017,2,Eixample,9,la Nova Esquerra de l'Eixample,137,33904
2017,2,Eixample,9,la Nova Esquerra de l'Eixample,138,44225
2017,2,Eixample,9,la Nova Esquerra de l'Eixample,139,34261
2017,2,Eixample,9,la Nova Esquerra de l'Eixample,140,39283
2017,2,Eixample,9,la Nova Esquerra de l'Eixample,141,39189
2017,2,Eixample,9,la Nova Esquerra de l'Eixample,142,33734
2017,2,Eixample,9,la Nova Esquerra de l'Eixample,143,42101
2017,2,Eixample,9,la Nova Esquerra de l'Eixample,144,44148
2017,2,Eixample,9,la Nova Esquerra de l'Eixample,145,39085
2017,2,Eixample,9,la Nova Esquerra de l'Eixample,146,39447
2017,2,Eixample,9,la Nova Esquerra de l'Eixample,147,35970
2017,2,Eixample,9,la Nova Esquerra de l'Eixample,148,37944
2017,2,Eixample,9,la Nova Esquerra de l'Eixample,149,39616
2017,2,Eixample,10,Sant Antoni,150,35251
2017,2,Eixample,10,Sant Antoni,151,37572
2017,2,Eixample,10,Sant Antoni,152,41453
2017,2,Eixample,10,Sant Antoni,153,43241
2017,2,Eixample,10,Sant Antoni,154,32837
2017,2,Eixample,10,Sant Antoni,155,34095
2017,2,Eixample,10,Sant Antoni,156,37804
2017,2,Eixample,10,Sant Antoni,157,34608
2017,2,Eixample,10,Sant Antoni,158,38551
2017,2,Eixample,10,Sant Antoni,159,38315
2017,2,Eixample,10,Sant Antoni,160,41242
2017,2,Eixample,10,Sant Antoni,161,37070
2017,2,Eixample,10,Sant Antoni,162,32576
2017,2,Eixample,10,Sant Antoni,163,39034
2017,2,Eixample,10,Sant Antoni,164,39086
2017,2,Eixample,10,Sant Antoni,165,36714
2017,2,Eixample,10,Sant Antoni,166,34511
2017,2,Eixample,10,Sant Antoni,167,39113
2017,2,Eixample,10,Sant Antoni,168,35021
2017,2,Eixample,10,Sant Antoni,169,34332
2017,2,Eixample,10,Sant Antoni,170,35676
2017,2,Eixample,10,Sant Antoni,171,32472
2017,2,Eixample,10,Sant Antoni,172,32358
2017,2,Eixample,10,Sant Antoni,173,35562
2017,3,Sants-Montjuïc,11,el Poble Sec,1,31598
2017,3,Sants-Montjuïc,11,el Poble Sec,2,27064
2017,3,Sants-Montjuïc,11,el Poble Sec,3,26794
2017,3,Sants-Montjuïc,11,el Poble Sec,4,30007
2017,3,Sants-Montjuïc,11,el Poble Sec,5,27536
2017,3,Sants-Montjuïc,11,el Poble Sec,6,28851
2017,3,Sants-Montjuïc,11,el Poble Sec,7,29581
2017,3,Sants-Montjuïc,11,el Poble Sec,8,26828
2017,3,Sants-Montjuïc,11,el Poble Sec,9,29664
2017,3,Sants-Montjuïc,11,el Poble Sec,10,27950
2017,3,Sants-Montjuïc,11,el Poble Sec,11,23551
2017,3,Sants-Montjuïc,11,el Poble Sec,12,27553
2017,3,Sants-Montjuïc,11,el Poble Sec,13,25303
2017,3,Sants-Montjuïc,11,el Poble Sec,14,25509
2017,3,Sants-Montjuïc,11,el Poble Sec,15,27317
2017,3,Sants-Montjuïc,11,el Poble Sec,16,26778
2017,3,Sants-Montjuïc,11,el Poble Sec,17,24335
2017,3,Sants-Montjuïc,11,el Poble Sec,18,30336
2017,3,Sants-Montjuïc,11,el Poble Sec,19,27896
2017,3,Sants-Montjuïc,11,el Poble Sec,20,33817
2017,3,Sants-Montjuïc,11,el Poble Sec,21,33752
2017,3,Sants-Montjuïc,11,el Poble Sec,22,29719
2017,3,Sants-Montjuïc,11,el Poble Sec,23,27922
2017,3,Sants-Montjuïc,11,el Poble Sec,24,28627
2017,3,Sants-Montjuïc,12,la Marina del Prat Vermell,25,23996
2017,3,Sants-Montjuïc,13,la Marina de Port,26,30393
2017,3,Sants-Montjuïc,13,la Marina de Port,27,31225
2017,3,Sants-Montjuïc,13,la Marina de Port,28,37638
2017,3,Sants-Montjuïc,13,la Marina de Port,29,28084
2017,3,Sants-Montjuïc,13,la Marina de Port,30,32188
2017,3,Sants-Montjuïc,13,la Marina de Port,31,31126
2017,3,Sants-Montjuïc,13,la Marina de Port,32,25075
2017,3,Sants-Montjuïc,13,la Marina de Port,33,23688
2017,3,Sants-Montjuïc,13,la Marina de Port,34,32063
2017,3,Sants-Montjuïc,13,la Marina de Port,35,33391
2017,3,Sants-Montjuïc,13,la Marina de Port,36,34399
2017,3,Sants-Montjuïc,13,la Marina de Port,37,36064
2017,3,Sants-Montjuïc,13,la Marina de Port,38,25325
2017,3,Sants-Montjuïc,13,la Marina de Port,39,24368
2017,3,Sants-Montjuïc,14,la Font de la Guatlla,40,36137
2017,3,Sants-Montjuïc,14,la Font de la Guatlla,41,32619
2017,3,Sants-Montjuïc,14,la Font de la Guatlla,42,31686
2017,3,Sants-Montjuïc,14,la Font de la Guatlla,43,32941
2017,3,Sants-Montjuïc,14,la Font de la Guatlla,44,31570
2017,3,Sants-Montjuïc,14,la Font de la Guatlla,45,32000
2017,3,Sants-Montjuïc,14,la Font de la Guatlla,46,43240
2017,3,Sants-Montjuïc,15,Hostafrancs,47,31054
2017,3,Sants-Montjuïc,15,Hostafrancs,48,38323
2017,3,Sants-Montjuïc,15,Hostafrancs,49,34950
2017,3,Sants-Montjuïc,15,Hostafrancs,50,33913
2017,3,Sants-Montjuïc,15,Hostafrancs,51,29764
2017,3,Sants-Montjuïc,15,Hostafrancs,52,28692
2017,3,Sants-Montjuïc,15,Hostafrancs,53,31607
2017,3,Sants-Montjuïc,15,Hostafrancs,54,36395
2017,3,Sants-Montjuïc,15,Hostafrancs,55,32710
2017,3,Sants-Montjuïc,15,Hostafrancs,56,32980
2017,3,Sants-Montjuïc,16,la Bordeta,57,29593
2017,3,Sants-Montjuïc,16,la Bordeta,58,38818
2017,3,Sants-Montjuïc,16,la Bordeta,59,29424
2017,3,Sants-Montjuïc,16,la Bordeta,60,37726
2017,3,Sants-Montjuïc,16,la Bordeta,61,28791
2017,3,Sants-Montjuïc,16,la Bordeta,62,31378
2017,3,Sants-Montjuïc,16,la Bordeta,63,32656
2017,3,Sants-Montjuïc,16,la Bordeta,64,36622
2017,3,Sants-Montjuïc,16,la Bordeta,65,39344
2017,3,Sants-Montjuïc,16,la Bordeta,66,34479
2017,3,Sants-Montjuïc,16,la Bordeta,67,35379
2017,3,Sants-Montjuïc,16,la Bordeta,68,29560
2017,3,Sants-Montjuïc,16,la Bordeta,69,37878
2017,3,Sants-Montjuïc,17,Sants - Badal,70,30141
2017,3,Sants-Montjuïc,17,Sants - Badal,71,27137
2017,3,Sants-Montjuïc,17,Sants - Badal,72,27712
2017,3,Sants-Montjuïc,17,Sants - Badal,73,35023
2017,3,Sants-Montjuïc,17,Sants - Badal,74,31348
2017,3,Sants-Montjuïc,17,Sants - Badal,75,32730
2017,3,Sants-Montjuïc,17,Sants - Badal,76,29380
2017,3,Sants-Montjuïc,17,Sants - Badal,77,32128
2017,3,Sants-Montjuïc,17,Sants - Badal,78,31826
2017,3,Sants-Montjuïc,17,Sants - Badal,79,29618
2017,3,Sants-Montjuïc,17,Sants - Badal,80,32648
2017,3,Sants-Montjuïc,17,Sants - Badal,81,34999
2017,3,Sants-Montjuïc,17,Sants - Badal,82,38449
2017,3,Sants-Montjuïc,17,Sants - Badal,83,34463
2017,3,Sants-Montjuïc,17,Sants - Badal,84,36334
2017,3,Sants-Montjuïc,17,Sants - Badal,85,33372
2017,3,Sants-Montjuïc,18,Sants,86,44101
2017,3,Sants-Montjuïc,18,Sants,87,40564
2017,3,Sants-Montjuïc,18,Sants,88,33703
2017,3,Sants-Montjuïc,18,Sants,89,37444
2017,3,Sants-Montjuïc,18,Sants,90,42992
2017,3,Sants-Montjuïc,18,Sants,91,40483
2017,3,Sants-Montjuïc,18,Sants,92,34936
2017,3,Sants-Montjuïc,18,Sants,93,37485
2017,3,Sants-Montjuïc,18,Sants,94,35269
2017,3,Sants-Montjuïc,18,Sants,95,33277
2017,3,Sants-Montjuïc,18,Sants,96,31509
2017,3,Sants-Montjuïc,18,Sants,97,23735
2017,3,Sants-Montjuïc,18,Sants,98,30009
2017,3,Sants-Montjuïc,18,Sants,99,30242
2017,3,Sants-Montjuïc,18,Sants,100,31725
2017,3,Sants-Montjuïc,18,Sants,101,30777
2017,3,Sants-Montjuïc,18,Sants,102,33121
2017,3,Sants-Montjuïc,18,Sants,103,33283
2017,3,Sants-Montjuïc,18,Sants,104,31517
2017,3,Sants-Montjuïc,18,Sants,105,29737
2017,3,Sants-Montjuïc,18,Sants,106,31641
2017,3,Sants-Montjuïc,18,Sants,107,35627
2017,3,Sants-Montjuïc,18,Sants,108,33120
2017,3,Sants-Montjuïc,18,Sants,109,34807
2017,3,Sants-Montjuïc,18,Sants,110,35001
2017,3,Sants-Montjuïc,18,Sants,111,34203
2017,3,Sants-Montjuïc,18,Sants,112,43966
2017,3,Sants-Montjuïc,18,Sants,113,47147
2017,3,Sants-Montjuïc,18,Sants,114,45709
2017,3,Sants-Montjuïc,13,la Marina de Port,211,36732
2017,3,Sants-Montjuïc,13,la Marina de Port,212,30150
2017,3,Sants-Montjuïc,13,la Marina de Port,213,27433
2017,4,Les Corts,19,les Corts,1,41748
2017,4,Les Corts,19,les Corts,2,50586
2017,4,Les Corts,19,les Corts,3,46537
2017,4,Les Corts,19,les Corts,4,42080
2017,4,Les Corts,19,les Corts,5,39947
2017,4,Les Corts,19,les Corts,6,41558
2017,4,Les Corts,19,les Corts,7,35803
2017,4,Les Corts,19,les Corts,8,36105
2017,4,Les Corts,19,les Corts,9,40617
2017,4,Les Corts,19,les Corts,10,49685
2017,4,Les Corts,19,les Corts,11,49124
2017,4,Les Corts,19,les Corts,12,45150
2017,4,Les Corts,19,les Corts,13,50789
2017,4,Les Corts,19,les Corts,14,46771
2017,4,Les Corts,19,les Corts,15,49365
2017,4,Les Corts,19,les Corts,16,47176
2017,4,Les Corts,19,les Corts,17,45084
2017,4,Les Corts,19,les Corts,18,48109
2017,4,Les Corts,19,les Corts,19,65110
2017,4,Les Corts,19,les Corts,20,52796
2017,4,Les Corts,19,les Corts,21,55688
2017,4,Les Corts,19,les Corts,22,45373
2017,4,Les Corts,19,les Corts,23,85345
2017,4,Les Corts,19,les Corts,24,86006
2017,4,Les Corts,19,les Corts,25,42577
2017,4,Les Corts,19,les Corts,26,46002
2017,4,Les Corts,19,les Corts,27,40182
2017,4,Les Corts,19,les Corts,28,40319
2017,4,Les Corts,19,les Corts,29,57228
2017,4,Les Corts,19,les Corts,30,50176
2017,4,Les Corts,19,les Corts,31,42607
2017,4,Les Corts,19,les Corts,32,41741
2017,4,Les Corts,19,les Corts,33,40226
2017,4,Les Corts,19,les Corts,34,57267
2017,4,Les Corts,19,les Corts,35,47205
2017,4,Les Corts,20,la Maternitat i Sant Ramon,36,37195
2017,4,Les Corts,20,la Maternitat i Sant Ramon,37,43066
2017,4,Les Corts,20,la Maternitat i Sant Ramon,38,43644
2017,4,Les Corts,20,la Maternitat i Sant Ramon,39,39537
2017,4,Les Corts,20,la Maternitat i Sant Ramon,40,32706
2017,4,Les Corts,20,la Maternitat i Sant Ramon,41,33951
2017,4,Les Corts,20,la Maternitat i Sant Ramon,42,33538
2017,4,Les Corts,20,la Maternitat i Sant Ramon,43,51021
2017,4,Les Corts,20,la Maternitat i Sant Ramon,44,39518
2017,4,Les Corts,20,la Maternitat i Sant Ramon,45,38745
2017,4,Les Corts,20,la Maternitat i Sant Ramon,46,60247
2017,4,Les Corts,20,la Maternitat i Sant Ramon,47,48740
2017,4,Les Corts,20,la Maternitat i Sant Ramon,48,51147
2017,4,Les Corts,20,la Maternitat i Sant Ramon,49,68100
2017,4,Les Corts,21,Pedralbes,50,86006
2017,4,Les Corts,21,Pedralbes,51,49163
2017,4,Les Corts,21,Pedralbes,52,86006
2017,4,Les Corts,21,Pedralbes,53,56408
2017,4,Les Corts,21,Pedralbes,54,60556
2017,4,Les Corts,21,Pedralbes,55,86006
2017,4,Les Corts,21,Pedralbes,56,86006
2017,4,Les Corts,20,la Maternitat i Sant Ramon,84,54034
2017,5,Sarrià-Sant Gervasi,22,"Vallvidrera, el Tibidabo i les Planes",1,38336
2017,5,Sarrià-Sant Gervasi,22,"Vallvidrera, el Tibidabo i les Planes",2,64637
2017,5,Sarrià-Sant Gervasi,22,"Vallvidrera, el Tibidabo i les Planes",3,62517
2017,5,Sarrià-Sant Gervasi,23,Sarrià,4,86006
2017,5,Sarrià-Sant Gervasi,23,Sarrià,5,76735
2017,5,Sarrià-Sant Gervasi,23,Sarrià,6,86006
2017,5,Sarrià-Sant Gervasi,23,Sarrià,7,70330
2017,5,Sarrià-Sant Gervasi,23,Sarrià,8,70533
2017,5,Sarrià-Sant Gervasi,23,Sarrià,9,59944
2017,5,Sarrià-Sant Gervasi,23,Sarrià,10,46878
2017,5,Sarrià-Sant Gervasi,23,Sarrià,11,54841
2017,5,Sarrià-Sant Gervasi,23,Sarrià,12,48197
2017,5,Sarrià-Sant Gervasi,23,Sarrià,13,55804
2017,5,Sarrià-Sant Gervasi,23,Sarrià,14,65546
2017,5,Sarrià-Sant Gervasi,23,Sarrià,15,59373
2017,5,Sarrià-Sant Gervasi,23,Sarrià,16,47966
2017,5,Sarrià-Sant Gervasi,23,Sarrià,17,86006
2017,5,Sarrià-Sant Gervasi,23,Sarrià,18,54844
2017,5,Sarrià-Sant Gervasi,23,Sarrià,19,80477
2017,5,Sarrià-Sant Gervasi,24,les Tres Torres,20,61559
2017,5,Sarrià-Sant Gervasi,24,les Tres Torres,21,62925
2017,5,Sarrià-Sant Gervasi,24,les Tres Torres,22,83754
2017,5,Sarrià-Sant Gervasi,24,les Tres Torres,23,48504
2017,5,Sarrià-Sant Gervasi,24,les Tres Torres,24,86006
2017,5,Sarrià-Sant Gervasi,24,les Tres Torres,25,86006
2017,5,Sarrià-Sant Gervasi,24,les Tres Torres,26,86006
2017,5,Sarrià-Sant Gervasi,24,les Tres Torres,27,86006
2017,5,Sarrià-Sant Gervasi,24,les Tres Torres,28,86006
2017,5,Sarrià-Sant Gervasi,24,les Tres Torres,29,86006
2017,5,Sarrià-Sant Gervasi,24,les Tres Torres,30,86006
2017,5,Sarrià-Sant Gervasi,25,Sant Gervasi - la Bonanova,31,86006
2017,5,Sarrià-Sant Gervasi,25,Sant Gervasi - la Bonanova,32,86006
2017,5,Sarrià-Sant Gervasi,25,Sant Gervasi - la Bonanova,33,67668
2017,5,Sarrià-Sant Gervasi,25,Sant Gervasi - la Bonanova,34,55910
2017,5,Sarrià-Sant Gervasi,25,Sant Gervasi - la Bonanova,35,86006
2017,5,Sarrià-Sant Gervasi,25,Sant Gervasi - la Bonanova,36,86006
2017,5,Sarrià-Sant Gervasi,25,Sant Gervasi - la Bonanova,37,51532
2017,5,Sarrià-Sant Gervasi,25,Sant Gervasi - la Bonanova,38,46188
2017,5,Sarrià-Sant Gervasi,25,Sant Gervasi - la Bonanova,39,75557
2017,5,Sarrià-Sant Gervasi,25,Sant Gervasi - la Bonanova,40,47277
2017,5,Sarrià-Sant Gervasi,25,Sant Gervasi - la Bonanova,41,54096
2017,5,Sarrià-Sant Gervasi,25,Sant Gervasi - la Bonanova,42,51413
2017,5,Sarrià-Sant Gervasi,25,Sant Gervasi - la Bonanova,43,52090
2017,5,Sarrià-Sant Gervasi,25,Sant Gervasi - la Bonanova,44,48737
2017,5,Sarrià-Sant Gervasi,25,Sant Gervasi - la Bonanova,45,68936
2017,5,Sarrià-Sant Gervasi,25,Sant Gervasi - la Bonanova,46,86006
2017,5,Sarrià-Sant Gervasi,25,Sant Gervasi - la Bonanova,47,78730
2017,5,Sarrià-Sant Gervasi,25,Sant Gervasi - la Bonanova,48,70964
2017,5,Sarrià-Sant Gervasi,26,Sant Gervasi - Galvany,49,86006
2017,5,Sarrià-Sant Gervasi,26,Sant Gervasi - Galvany,50,58047
2017,5,Sarrià-Sant Gervasi,26,Sant Gervasi - Galvany,51,80470
2017,5,Sarrià-Sant Gervasi,26,Sant Gervasi - Galvany,52,86006
2017,5,Sarrià-Sant Gervasi,26,Sant Gervasi - Galvany,53,86006
2017,5,Sarrià-Sant Gervasi,26,Sant Gervasi - Galvany,54,86006
2017,5,Sarrià-Sant Gervasi,26,Sant Gervasi - Galvany,55,86006
2017,5,Sarrià-Sant Gervasi,26,Sant Gervasi - Galvany,56,67945
2017,5,Sarrià-Sant Gervasi,26,Sant Gervasi - Galvany,57,81601
2017,5,Sarrià-Sant Gervasi,26,Sant Gervasi - Galvany,58,85432
2017,5,Sarrià-Sant Gervasi,26,Sant Gervasi - Galvany,59,67516
2017,5,Sarrià-Sant Gervasi,26,Sant Gervasi - Galvany,60,86006
2017,5,Sarrià-Sant Gervasi,26,Sant Gervasi - Galvany,61,45371
2017,5,Sarrià-Sant Gervasi,26,Sant Gervasi - Galvany,62,58694
2017,5,Sarrià-Sant Gervasi,26,Sant Gervasi - Galvany,63,64750
2017,5,Sarrià-Sant Gervasi,26,Sant Gervasi - Galvany,64,52686
2017,5,Sarrià-Sant Gervasi,26,Sant Gervasi - Galvany,65,56083
2017,5,Sarrià-Sant Gervasi,26,Sant Gervasi - Galvany,66,65801
2017,5,Sarrià-Sant Gervasi,26,Sant Gervasi - Galvany,67,61140
2017,5,Sarrià-Sant Gervasi,26,Sant Gervasi - Galvany,68,52138
2017,5,Sarrià-Sant Gervasi,26,Sant Gervasi - Galvany,69,54203
2017,5,Sarrià-Sant Gervasi,26,Sant Gervasi - Galvany,70,51837
2017,5,Sarrià-Sant Gervasi,26,Sant Gervasi - Galvany,71,45660
2017,5,Sarrià-Sant Gervasi,26,Sant Gervasi - Galvany,72,56108
2017,5,Sarrià-Sant Gervasi,26,Sant Gervasi - Galvany,73,50297
2017,5,Sarrià-Sant Gervasi,26,Sant Gervasi - Galvany,74,62634
2017,5,Sarrià-Sant Gervasi,26,Sant Gervasi - Galvany,75,55334
2017,5,Sarrià-Sant Gervasi,26,Sant Gervasi - Galvany,76,54925
2017,5,Sarrià-Sant Gervasi,26,Sant Gervasi - Galvany,77,64514
2017,5,Sarrià-Sant Gervasi,26,Sant Gervasi - Galvany,78,60625
2017,5,Sarrià-Sant Gervasi,26,Sant Gervasi - Galvany,79,52930
2017,5,Sarrià-Sant Gervasi,27,el Putget i Farró,80,47097
2017,5,Sarrià-Sant Gervasi,27,el Putget i Farró,81,48358
2017,5,Sarrià-Sant Gervasi,27,el Putget i Farró,82,43100
2017,5,Sarrià-Sant Gervasi,27,el Putget i Farró,83,45919
2017,5,Sarrià-Sant Gervasi,27,el Putget i Farró,84,44879
2017,5,Sarrià-Sant Gervasi,27,el Putget i Farró,85,39759
2017,5,Sarrià-Sant Gervasi,27,el Putget i Farró,86,44310
2017,5,Sarrià-Sant Gervasi,27,el Putget i Farró,87,46349
2017,5,Sarrià-Sant Gervasi,27,el Putget i Farró,88,50013
2017,5,Sarrià-Sant Gervasi,27,el Putget i Farró,89,51842
2017,5,Sarrià-Sant Gervasi,27,el Putget i Farró,90,45791
2017,5,Sarrià-Sant Gervasi,27,el Putget i Farró,91,47053
2017,5,Sarrià-Sant Gervasi,27,el Putget i Farró,92,70845
2017,5,Sarrià-Sant Gervasi,27,el Putget i Farró,93,51889
2017,5,Sarrià-Sant Gervasi,27,el Putget i Farró,94,65516
2017,5,Sarrià-Sant Gervasi,27,el Putget i Farró,95,45373
2017,5,Sarrià-Sant Gervasi,27,el Putget i Farró,96,42735
2017,5,Sarrià-Sant Gervasi,27,el Putget i Farró,97,51738
2017,5,Sarrià-Sant Gervasi,27,el Putget i Farró,98,45930
2017,6,Gràcia,28,Vallcarca i els Penitents,1,38150
2017,6,Gràcia,28,Vallcarca i els Penitents,2,35905
2017,6,Gràcia,28,Vallcarca i els Penitents,3,36378
2017,6,Gràcia,28,Vallcarca i els Penitents,4,41579
2017,6,Gràcia,28,Vallcarca i els Penitents,6,52435
2017,6,Gràcia,28,Vallcarca i els Penitents,7,43490
2017,6,Gràcia,28,Vallcarca i els Penitents,8,38337
2017,6,Gràcia,28,Vallcarca i els Penitents,9,60448
2017,6,Gràcia,28,Vallcarca i els Penitents,10,44512
2017,6,Gràcia,28,Vallcarca i els Penitents,11,45720
2017,6,Gràcia,28,Vallcarca i els Penitents,12,54234
2017,6,Gràcia,29,el Coll,13,37071
2017,6,Gràcia,29,el Coll,14,37351
2017,6,Gràcia,29,el Coll,15,30833
2017,6,Gràcia,29,el Coll,16,30460
2017,6,Gràcia,29,el Coll,17,31986
2017,6,Gràcia,30,la Salut,18,35123
2017,6,Gràcia,30,la Salut,19,36933
2017,6,Gràcia,30,la Salut,20,35904
2017,6,Gràcia,30,la Salut,21,45030
2017,6,Gràcia,30,la Salut,22,40312
2017,6,Gràcia,30,la Salut,23,59347
2017,6,Gràcia,30,la Salut,24,39563
2017,6,Gràcia,30,la Salut,25,44080
2017,6,Gràcia,30,la Salut,26,38702
2017,6,Gràcia,30,la Salut,27,43800
2017,6,Gràcia,31,Vila de Gràcia,28,34334
2017,6,Gràcia,31,Vila de Gràcia,29,36983
2017,6,Gràcia,31,Vila de Gràcia,30,32726
2017,6,Gràcia,31,Vila de Gràcia,31,34115
2017,6,Gràcia,31,Vila de Gràcia,32,37105
2017,6,Gràcia,31,Vila de Gràcia,33,35063
2017,6,Gràcia,31,Vila de Gràcia,34,35603
2017,6,Gràcia,31,Vila de Gràcia,35,46969
2017,6,Gràcia,31,Vila de Gràcia,36,42111
2017,6,Gràcia,31,Vila de Gràcia,37,39102
2017,6,Gràcia,31,Vila de Gràcia,38,37055
2017,6,Gràcia,31,Vila de Gràcia,39,31324
2017,6,Gràcia,31,Vila de Gràcia,40,40498
2017,6,Gràcia,31,Vila de Gràcia,41,40691
2017,6,Gràcia,31,Vila de Gràcia,42,45454
2017,6,Gràcia,31,Vila de Gràcia,43,35813
2017,6,Gràcia,31,Vila de Gràcia,44,46886
2017,6,Gràcia,31,Vila de Gràcia,45,34975
2017,6,Gràcia,31,Vila de Gràcia,46,32734
2017,6,Gràcia,31,Vila de Gràcia,47,29723
2017,6,Gràcia,31,Vila de Gràcia,48,31302
2017,6,Gràcia,31,Vila de Gràcia,49,36886
2017,6,Gràcia,31,Vila de Gràcia,50,28288
2017,6,Gràcia,31,Vila de Gràcia,51,33066
2017,6,Gràcia,31,Vila de Gràcia,52,31654
2017,6,Gràcia,31,Vila de Gràcia,53,34429
2017,6,Gràcia,31,Vila de Gràcia,54,32490
2017,6,Gràcia,31,Vila de Gràcia,55,34367
2017,6,Gràcia,31,Vila de Gràcia,56,29260
2017,6,Gràcia,31,Vila de Gràcia,57,28409
2017,6,Gràcia,31,Vila de Gràcia,58,32451
2017,6,Gràcia,31,Vila de Gràcia,59,33978
2017,6,Gràcia,31,Vila de Gràcia,60,32236
2017,6,Gràcia,31,Vila de Gràcia,61,34220
2017,6,Gràcia,31,Vila de Gràcia,62,33301
2017,6,Gràcia,31,Vila de Gràcia,63,32459
2017,6,Gràcia,32,el Camp d'en Grassot i Gràcia Nova,64,34271
2017,6,Gràcia,32,el Camp d'en Grassot i Gràcia Nova,65,44682
2017,6,Gràcia,32,el Camp d'en Grassot i Gràcia Nova,66,34931
2017,6,Gràcia,32,el Camp d'en Grassot i Gràcia Nova,67,36909
2017,6,Gràcia,32,el Camp d'en Grassot i Gràcia Nova,68,42703
2017,6,Gràcia,32,el Camp d'en Grassot i Gràcia Nova,69,39563
2017,6,Gràcia,32,el Camp d'en Grassot i Gràcia Nova,70,36394
2017,6,Gràcia,32,el Camp d'en Grassot i Gràcia Nova,71,40175
2017,6,Gràcia,32,el Camp d'en Grassot i Gràcia Nova,72,43826
2017,6,Gràcia,32,el Camp d'en Grassot i Gràcia Nova,73,36826
2017,6,Gràcia,32,el Camp d'en Grassot i Gràcia Nova,74,37603
2017,6,Gràcia,32,el Camp d'en Grassot i Gràcia Nova,75,48901
2017,6,Gràcia,32,el Camp d'en Grassot i Gràcia Nova,76,42513
2017,6,Gràcia,32,el Camp d'en Grassot i Gràcia Nova,77,34416
2017,6,Gràcia,32,el Camp d'en Grassot i Gràcia Nova,78,33036
2017,6,Gràcia,32,el Camp d'en Grassot i Gràcia Nova,79,35768
2017,6,Gràcia,32,el Camp d'en Grassot i Gràcia Nova,80,37357
2017,6,Gràcia,32,el Camp d'en Grassot i Gràcia Nova,81,36729
2017,6,Gràcia,32,el Camp d'en Grassot i Gràcia Nova,82,42933
2017,6,Gràcia,32,el Camp d'en Grassot i Gràcia Nova,83,43390
2017,6,Gràcia,32,el Camp d'en Grassot i Gràcia Nova,84,37152
2017,6,Gràcia,32,el Camp d'en Grassot i Gràcia Nova,85,41072
2017,6,Gràcia,32,el Camp d'en Grassot i Gràcia Nova,86,49145
2017,6,Gràcia,32,el Camp d'en Grassot i Gràcia Nova,87,47462
2017,6,Gràcia,32,el Camp d'en Grassot i Gràcia Nova,88,41366
2017,7,Horta-Guinardó,33,el Baix Guinardó,1,39679
2017,7,Horta-Guinardó,33,el Baix Guinardó,2,28991
2017,7,Horta-Guinardó,33,el Baix Guinardó,3,38829
2017,7,Horta-Guinardó,33,el Baix Guinardó,4,33411
2017,7,Horta-Guinardó,33,el Baix Guinardó,5,32124
2017,7,Horta-Guinardó,33,el Baix Guinardó,6,39673
2017,7,Horta-Guinardó,33,el Baix Guinardó,7,32136
2017,7,Horta-Guinardó,33,el Baix Guinardó,8,40345
2017,7,Horta-Guinardó,33,el Baix Guinardó,9,32323
2017,7,Horta-Guinardó,33,el Baix Guinardó,10,36783
2017,7,Horta-Guinardó,33,el Baix Guinardó,11,33284
2017,7,Horta-Guinardó,33,el Baix Guinardó,12,31674
2017,7,Horta-Guinardó,33,el Baix Guinardó,13,41396
2017,7,Horta-Guinardó,33,el Baix Guinardó,14,29241
2017,7,Horta-Guinardó,33,el Baix Guinardó,15,34938
2017,7,Horta-Guinardó,33,el Baix Guinardó,16,41654
2017,7,Horta-Guinardó,33,el Baix Guinardó,17,33348
2017,7,Horta-Guinardó,33,el Baix Guinardó,18,36043
2017,7,Horta-Guinardó,33,el Baix Guinardó,19,36665
2017,7,Horta-Guinardó,34,Can Baró,20,34964
2017,7,Horta-Guinardó,34,Can Baró,21,44652
2017,7,Horta-Guinardó,34,Can Baró,22,35777
2017,7,Horta-Guinardó,34,Can Baró,23,27065
2017,7,Horta-Guinardó,34,Can Baró,24,29480
2017,7,Horta-Guinardó,34,Can Baró,25,30702
2017,7,Horta-Guinardó,34,Can Baró,26,32539
2017,7,Horta-Guinardó,35,el Guinardó,27,33677
2017,7,Horta-Guinardó,35,el Guinardó,28,33350
2017,7,Horta-Guinardó,35,el Guinardó,29,36492
2017,7,Horta-Guinardó,35,el Guinardó,30,30991
2017,7,Horta-Guinardó,35,el Guinardó,31,32800
2017,7,Horta-Guinardó,35,el Guinardó,32,33801
2017,7,Horta-Guinardó,35,el Guinardó,33,36884
2017,7,Horta-Guinardó,35,el Guinardó,34,39468
2017,7,Horta-Guinardó,35,el Guinardó,35,41643
2017,7,Horta-Guinardó,35,el Guinardó,36,39003
2017,7,Horta-Guinardó,35,el Guinardó,37,35856
2017,7,Horta-Guinardó,35,el Guinardó,38,34030
2017,7,Horta-Guinardó,35,el Guinardó,39,36069
2017,7,Horta-Guinardó,35,el Guinardó,40,33202
2017,7,Horta-Guinardó,35,el Guinardó,41,31312
2017,7,Horta-Guinardó,35,el Guinardó,42,34232
2017,7,Horta-Guinardó,35,el Guinardó,43,31444
2017,7,Horta-Guinardó,35,el Guinardó,44,36856
2017,7,Horta-Guinardó,35,el Guinardó,45,31967
2017,7,Horta-Guinardó,35,el Guinardó,46,31927
2017,7,Horta-Guinardó,35,el Guinardó,47,33171
2017,7,Horta-Guinardó,35,el Guinardó,48,34264
2017,7,Horta-Guinardó,35,el Guinardó,49,37246
2017,7,Horta-Guinardó,35,el Guinardó,50,32332
2017,7,Horta-Guinardó,35,el Guinardó,51,33876
2017,7,Horta-Guinardó,36,la Font d'en Fargues,52,46336
2017,7,Horta-Guinardó,36,la Font d'en Fargues,53,39892
2017,7,Horta-Guinardó,36,la Font d'en Fargues,54,48901
2017,7,Horta-Guinardó,36,la Font d'en Fargues,55,53326
2017,7,Horta-Guinardó,36,la Font d'en Fargues,56,39274
2017,7,Horta-Guinardó,36,la Font d'en Fargues,57,41355
2017,7,Horta-Guinardó,36,la Font d'en Fargues,58,38799
2017,7,Horta-Guinardó,37,el Carmel,59,26142
2017,7,Horta-Guinardó,37,el Carmel,60,25932
2017,7,Horta-Guinardó,37,el Carmel,61,28781
2017,7,Horta-Guinardó,37,el Carmel,62,29298
2017,7,Horta-Guinardó,37,el Carmel,63,25768
2017,7,Horta-Guinardó,37,el Carmel,64,26686
2017,7,Horta-Guinardó,37,el Carmel,65,23230
2017,7,Horta-Guinardó,37,el Carmel,66,24493
2017,7,Horta-Guinardó,37,el Carmel,67,24120
2017,7,Horta-Guinardó,37,el Carmel,68,23794
2017,7,Horta-Guinardó,37,el Carmel,69,24509
2017,7,Horta-Guinardó,37,el Carmel,70,26939
2017,7,Horta-Guinardó,37,el Carmel,71,30910
2017,7,Horta-Guinardó,37,el Carmel,72,28397
2017,7,Horta-Guinardó,37,el Carmel,73,24998
2017,7,Horta-Guinardó,37,el Carmel,74,26710
2017,7,Horta-Guinardó,37,el Carmel,75,27479
2017,7,Horta-Guinardó,37,el Carmel,76,25465
2017,7,Horta-Guinardó,37,el Carmel,77,25125
2017,7,Horta-Guinardó,37,el Carmel,78,25911
2017,7,Horta-Guinardó,37,el Carmel,79,26170
2017,7,Horta-Guinardó,37,el Carmel,80,30057
2017,7,Horta-Guinardó,38,la Teixonera,81,30044
2017,7,Horta-Guinardó,38,la Teixonera,82,27578
2017,7,Horta-Guinardó,38,la Teixonera,83,26554
2017,7,Horta-Guinardó,38,la Teixonera,84,28404
2017,7,Horta-Guinardó,38,la Teixonera,85,32621
2017,7,Horta-Guinardó,38,la Teixonera,86,27804
2017,7,Horta-Guinardó,38,la Teixonera,87,28368
2017,7,Horta-Guinardó,38,la Teixonera,88,29781
2017,7,Horta-Guinardó,39,Sant Genís dels Agudells,89,38635
2017,7,Horta-Guinardó,39,Sant Genís dels Agudells,90,32119
2017,7,Horta-Guinardó,39,Sant Genís dels Agudells,91,31449
2017,7,Horta-Guinardó,39,Sant Genís dels Agudells,92,24870
2017,7,Horta-Guinardó,39,Sant Genís dels Agudells,93,31443
2017,7,Horta-Guinardó,40,Montbau,94,30478
2017,7,Horta-Guinardó,40,Montbau,95,33249
2017,7,Horta-Guinardó,40,Montbau,96,29413
2017,7,Horta-Guinardó,40,Montbau,97,35178
2017,7,Horta-Guinardó,41,la Vall d'Hebron,98,46385
2017,7,Horta-Guinardó,41,la Vall d'Hebron,99,40272
2017,7,Horta-Guinardó,41,la Vall d'Hebron,100,33763
2017,7,Horta-Guinardó,41,la Vall d'Hebron,101,33656
2017,7,Horta-Guinardó,42,la Clota,102,31423
2017,7,Horta-Guinardó,43,Horta,103,33358
2017,7,Horta-Guinardó,43,Horta,104,28889
2017,7,Horta-Guinardó,43,Horta,105,36530
2017,7,Horta-Guinardó,43,Horta,106,37818
2017,7,Horta-Guinardó,43,Horta,107,39709
2017,7,Horta-Guinardó,43,Horta,108,36180
2017,7,Horta-Guinardó,43,Horta,109,28520
2017,7,Horta-Guinardó,43,Horta,110,39515
2017,7,Horta-Guinardó,43,Horta,111,42694
2017,7,Horta-Guinardó,43,Horta,112,38069
2017,7,Horta-Guinardó,43,Horta,113,33001
2017,7,Horta-Guinardó,43,Horta,114,36872
2017,7,Horta-Guinardó,43,Horta,115,42119
2017,7,Horta-Guinardó,43,Horta,116,33040
2017,7,Horta-Guinardó,43,Horta,117,35903
2017,7,Horta-Guinardó,43,Horta,118,35074
2017,7,Horta-Guinardó,43,Horta,119,30493
2017,7,Horta-Guinardó,43,Horta,120,32978
2017,7,Horta-Guinardó,43,Horta,121,30191
2017,7,Horta-Guinardó,43,Horta,122,32895
2017,7,Horta-Guinardó,43,Horta,123,35325
2017,8,Nou Barris,44,Vilapicina i la Torre Llobeta,1,30660
2017,8,Nou Barris,44,Vilapicina i la Torre Llobeta,2,34429
2017,8,Nou Barris,44,Vilapicina i la Torre Llobeta,3,32233
2017,8,Nou Barris,44,Vilapicina i la Torre Llobeta,4,29643
2017,8,Nou Barris,44,Vilapicina i la Torre Llobeta,5,34199
2017,8,Nou Barris,44,Vilapicina i la Torre Llobeta,6,35278
2017,8,Nou Barris,44,Vilapicina i la Torre Llobeta,7,35829
2017,8,Nou Barris,44,Vilapicina i la Torre Llobeta,8,34619
2017,8,Nou Barris,44,Vilapicina i la Torre Llobeta,9,30889
2017,8,Nou Barris,44,Vilapicina i la Torre Llobeta,10,35064
2017,8,Nou Barris,44,Vilapicina i la Torre Llobeta,11,40369
2017,8,Nou Barris,44,Vilapicina i la Torre Llobeta,12,32465
2017,8,Nou Barris,44,Vilapicina i la Torre Llobeta,13,33515
2017,8,Nou Barris,44,Vilapicina i la Torre Llobeta,14,30024
2017,8,Nou Barris,44,Vilapicina i la Torre Llobeta,15,28857
2017,8,Nou Barris,44,Vilapicina i la Torre Llobeta,16,29690
2017,8,Nou Barris,44,Vilapicina i la Torre Llobeta,17,35139
2017,8,Nou Barris,44,Vilapicina i la Torre Llobeta,18,33409
2017,8,Nou Barris,44,Vilapicina i la Torre Llobeta,19,30093
2017,8,Nou Barris,45,Porta,20,30482
2017,8,Nou Barris,45,Porta,21,31448
2017,8,Nou Barris,45,Porta,22,34985
2017,8,Nou Barris,45,Porta,23,28457
2017,8,Nou Barris,45,Porta,24,31012
2017,8,Nou Barris,45,Porta,25,27180
2017,8,Nou Barris,45,Porta,26,33037
2017,8,Nou Barris,45,Porta,27,34217
2017,8,Nou Barris,45,Porta,28,28906
2017,8,Nou Barris,45,Porta,29,26721
2017,8,Nou Barris,45,Porta,30,29437
2017,8,Nou Barris,45,Porta,31,29844
2017,8,Nou Barris,45,Porta,32,33047
2017,8,Nou Barris,45,Porta,33,27600
2017,8,Nou Barris,45,Porta,34,24722
2017,8,Nou Barris,45,Porta,35,26879
2017,8,Nou Barris,45,Porta,36,24747
2017,8,Nou Barris,45,Porta,37,28084
2017,8,Nou Barris,46,el Turó de la Peira,38,28454
2017,8,Nou Barris,46,el Turó de la Peira,39,26859
2017,8,Nou Barris,46,el Turó de la Peira,40,22880
2017,8,Nou Barris,46,el Turó de la Peira,41,22510
2017,8,Nou Barris,46,el Turó de la Peira,42,34118
2017,8,Nou Barris,46,el Turó de la Peira,43,25362
2017,8,Nou Barris,46,el Turó de la Peira,44,24428
2017,8,Nou Barris,46,el Turó de la Peira,45,25240
2017,8,Nou Barris,46,el Turó de la Peira,46,24057
2017,8,Nou Barris,46,el Turó de la Peira,47,23031
2017,8,Nou Barris,47,Can Peguera,48,20402
2017,8,Nou Barris,47,Can Peguera,49,25347
2017,8,Nou Barris,48,la Guineueta,50,39114
2017,8,Nou Barris,48,la Guineueta,51,37271
2017,8,Nou Barris,48,la Guineueta,52,30458
2017,8,Nou Barris,48,la Guineueta,53,37873
2017,8,Nou Barris,48,la Guineueta,54,31682
2017,8,Nou Barris,48,la Guineueta,55,43702
2017,8,Nou Barris,48,la Guineueta,56,29447
2017,8,Nou Barris,48,la Guineueta,57,30824
2017,8,Nou Barris,48,la Guineueta,58,27482
2017,8,Nou Barris,48,la Guineueta,59,28584
2017,8,Nou Barris,49,Canyelles,60,33060
2017,8,Nou Barris,49,Canyelles,61,27927
2017,8,Nou Barris,49,Canyelles,62,33831
2017,8,Nou Barris,49,Canyelles,63,37642
2017,8,Nou Barris,49,Canyelles,64,28139
2017,8,Nou Barris,50,les Roquetes,65,24410
2017,8,Nou Barris,50,les Roquetes,66,23461
2017,8,Nou Barris,50,les Roquetes,67,27482
2017,8,Nou Barris,50,les Roquetes,68,25991
2017,8,Nou Barris,50,les Roquetes,69,25295
2017,8,Nou Barris,50,les Roquetes,70,23296
2017,8,Nou Barris,50,les Roquetes,71,24668
2017,8,Nou Barris,50,les Roquetes,72,28935
2017,8,Nou Barris,50,les Roquetes,73,20571
2017,8,Nou Barris,50,les Roquetes,74,23647
2017,8,Nou Barris,51,Verdun,75,25634
2017,8,Nou Barris,51,Verdun,76,26555
2017,8,Nou Barris,51,Verdun,77,22306
2017,8,Nou Barris,51,Verdun,78,21962
2017,8,Nou Barris,51,Verdun,79,23365
2017,8,Nou Barris,51,Verdun,80,25144
2017,8,Nou Barris,51,Verdun,81,24430
2017,8,Nou Barris,51,Verdun,82,24728
2017,8,Nou Barris,52,la Prosperitat,83,25253
2017,8,Nou Barris,52,la Prosperitat,84,26623
2017,8,Nou Barris,52,la Prosperitat,85,26489
2017,8,Nou Barris,52,la Prosperitat,86,27687
2017,8,Nou Barris,52,la Prosperitat,87,26355
2017,8,Nou Barris,52,la Prosperitat,88,26057
2017,8,Nou Barris,52,la Prosperitat,89,26973
2017,8,Nou Barris,52,la Prosperitat,90,27767
2017,8,Nou Barris,52,la Prosperitat,91,29109
2017,8,Nou Barris,52,la Prosperitat,92,30180
2017,8,Nou Barris,52,la Prosperitat,93,26335
2017,8,Nou Barris,52,la Prosperitat,94,28207
2017,8,Nou Barris,52,la Prosperitat,95,32898
2017,8,Nou Barris,52,la Prosperitat,96,28703
2017,8,Nou Barris,52,la Prosperitat,97,27484
2017,8,Nou Barris,52,la Prosperitat,98,25879
2017,8,Nou Barris,52,la Prosperitat,99,26628
2017,8,Nou Barris,52,la Prosperitat,100,25760
2017,8,Nou Barris,52,la Prosperitat,101,28276
2017,8,Nou Barris,52,la Prosperitat,102,22733
2017,8,Nou Barris,53,la Trinitat Nova,103,19732
2017,8,Nou Barris,53,la Trinitat Nova,104,22496
2017,8,Nou Barris,53,la Trinitat Nova,105,23264
2017,8,Nou Barris,53,la Trinitat Nova,106,23932
2017,8,Nou Barris,53,la Trinitat Nova,107,22951
2017,8,Nou Barris,54,Torre Baró,108,24414
2017,8,Nou Barris,54,Torre Baró,109,25046
2017,8,Nou Barris,55,Ciutat Meridiana,110,19025
2017,8,Nou Barris,55,Ciutat Meridiana,111,22716
2017,8,Nou Barris,55,Ciutat Meridiana,112,22906
2017,8,Nou Barris,55,Ciutat Meridiana,113,22840
2017,8,Nou Barris,55,Ciutat Meridiana,114,24174
2017,8,Nou Barris,55,Ciutat Meridiana,115,22982
2017,8,Nou Barris,56,Vallbona,116,23377
2017,8,Nou Barris,48,la Guineueta,215,34634
2017,9,Sant Andreu,57,la Trinitat Vella,1,22328
2017,9,Sant Andreu,57,la Trinitat Vella,2,23149
2017,9,Sant Andreu,57,la Trinitat Vella,3,23847
2017,9,Sant Andreu,57,la Trinitat Vella,4,24642
2017,9,Sant Andreu,57,la Trinitat Vella,5,30829
2017,9,Sant Andreu,58,Baró de Viver,6,23544
2017,9,Sant Andreu,58,Baró de Viver,7,21416
2017,9,Sant Andreu,59,el Bon Pastor,8,47105
2017,9,Sant Andreu,59,el Bon Pastor,9,33923
2017,9,Sant Andreu,59,el Bon Pastor,10,28402
2017,9,Sant Andreu,59,el Bon Pastor,11,25177
2017,9,Sant Andreu,59,el Bon Pastor,13,22946
2017,9,Sant Andreu,59,el Bon Pastor,14,25439
2017,9,Sant Andreu,59,el Bon Pastor,15,25309
2017,9,Sant Andreu,60,Sant Andreu,16,37335
2017,9,Sant Andreu,60,Sant Andreu,17,37037
2017,9,Sant Andreu,60,Sant Andreu,18,33381
2017,9,Sant Andreu,60,Sant Andreu,19,42815
2017,9,Sant Andreu,60,Sant Andreu,20,35826
2017,9,Sant Andreu,60,Sant Andreu,21,38279
2017,9,Sant Andreu,60,Sant Andreu,22,39355
2017,9,Sant Andreu,60,Sant Andreu,23,39276
2017,9,Sant Andreu,60,Sant Andreu,24,36425
2017,9,Sant Andreu,60,Sant Andreu,25,35053
2017,9,Sant Andreu,60,Sant Andreu,26,38711
2017,9,Sant Andreu,60,Sant Andreu,27,40086
2017,9,Sant Andreu,60,Sant Andreu,28,47833
2017,9,Sant Andreu,60,Sant Andreu,29,33929
2017,9,Sant Andreu,60,Sant Andreu,30,38835
2017,9,Sant Andreu,60,Sant Andreu,31,40490
2017,9,Sant Andreu,60,Sant Andreu,32,30210
2017,9,Sant Andreu,60,Sant Andreu,33,30756
2017,9,Sant Andreu,60,Sant Andreu,34,29466
2017,9,Sant Andreu,60,Sant Andreu,35,33200
2017,9,Sant Andreu,60,Sant Andreu,36,36450
2017,9,Sant Andreu,60,Sant Andreu,37,31144
2017,9,Sant Andreu,60,Sant Andreu,38,38152
2017,9,Sant Andreu,60,Sant Andreu,39,34876
2017,9,Sant Andreu,60,Sant Andreu,40,36282
2017,9,Sant Andreu,60,Sant Andreu,41,33575
2017,9,Sant Andreu,60,Sant Andreu,42,35038
2017,9,Sant Andreu,60,Sant Andreu,43,32340
2017,9,Sant Andreu,60,Sant Andreu,44,34402
2017,9,Sant Andreu,60,Sant Andreu,45,35208
2017,9,Sant Andreu,60,Sant Andreu,46,37269
2017,9,Sant Andreu,60,Sant Andreu,47,36209
2017,9,Sant Andreu,60,Sant Andreu,48,34548
2017,9,Sant Andreu,60,Sant Andreu,49,36571
2017,9,Sant Andreu,60,Sant Andreu,50,36989
2017,9,Sant Andreu,60,Sant Andreu,51,34699
2017,9,Sant Andreu,60,Sant Andreu,52,33510
2017,9,Sant Andreu,60,Sant Andreu,53,37384
2017,9,Sant Andreu,60,Sant Andreu,54,38342
2017,9,Sant Andreu,61,la Sagrera,55,37383
2017,9,Sant Andreu,61,la Sagrera,56,36564
2017,9,Sant Andreu,61,la Sagrera,57,33654
2017,9,Sant Andreu,61,la Sagrera,58,36503
2017,9,Sant Andreu,61,la Sagrera,59,33352
2017,9,Sant Andreu,61,la Sagrera,60,33236
2017,9,Sant Andreu,61,la Sagrera,61,39341
2017,9,Sant Andreu,61,la Sagrera,62,29380
2017,9,Sant Andreu,61,la Sagrera,63,38544
2017,9,Sant Andreu,61,la Sagrera,64,40812
2017,9,Sant Andreu,61,la Sagrera,65,35370
2017,9,Sant Andreu,61,la Sagrera,66,36166
2017,9,Sant Andreu,61,la Sagrera,67,31447
2017,9,Sant Andreu,61,la Sagrera,68,37717
2017,9,Sant Andreu,61,la Sagrera,69,34791
2017,9,Sant Andreu,61,la Sagrera,70,25451
2017,9,Sant Andreu,61,la Sagrera,71,33745
2017,9,Sant Andreu,61,la Sagrera,72,27169
2017,9,Sant Andreu,61,la Sagrera,73,36009
2017,9,Sant Andreu,62,el Congrés i els Indians,74,31044
2017,9,Sant Andreu,62,el Congrés i els Indians,75,35224
2017,9,Sant Andreu,62,el Congrés i els Indians,76,30003
2017,9,Sant Andreu,62,el Congrés i els Indians,77,31383
2017,9,Sant Andreu,62,el Congrés i els Indians,78,34071
2017,9,Sant Andreu,62,el Congrés i els Indians,79,35258
2017,9,Sant Andreu,62,el Congrés i els Indians,80,36178
2017,9,Sant Andreu,62,el Congrés i els Indians,81,33709
2017,9,Sant Andreu,62,el Congrés i els Indians,82,33739
2017,9,Sant Andreu,63,Navas,83,35012
2017,9,Sant Andreu,63,Navas,84,37566
2017,9,Sant Andreu,63,Navas,85,33687
2017,9,Sant Andreu,63,Navas,86,34146
2017,9,Sant Andreu,63,Navas,87,38141
2017,9,Sant Andreu,63,Navas,88,30737
2017,9,Sant Andreu,63,Navas,89,31515
2017,9,Sant Andreu,63,Navas,90,33240
2017,9,Sant Andreu,63,Navas,91,35974
2017,9,Sant Andreu,63,Navas,92,36469
2017,9,Sant Andreu,63,Navas,93,34101
2017,9,Sant Andreu,63,Navas,94,33593
2017,9,Sant Andreu,63,Navas,95,35585
2017,9,Sant Andreu,61,la Sagrera,156,36346
2017,10,Sant Martí,64,Camp de l'Arpa del Clot,1,30424
2017,10,Sant Martí,64,Camp de l'Arpa del Clot,2,31476
2017,10,Sant Martí,64,Camp de l'Arpa del Clot,3,34507
2017,10,Sant Martí,64,Camp de l'Arpa del Clot,4,33740
2017,10,Sant Martí,64,Camp de l'Arpa del Clot,5,35877
2017,10,Sant Martí,64,Camp de l'Arpa del Clot,6,33910
2017,10,Sant Martí,64,Camp de l'Arpa del Clot,7,45419
2017,10,Sant Martí,64,Camp de l'Arpa del Clot,8,33238
2017,10,Sant Martí,64,Camp de l'Arpa del Clot,9,34577
2017,10,Sant Martí,64,Camp de l'Arpa del Clot,10,31537
2017,10,Sant Martí,64,Camp de l'Arpa del Clot,11,37285
2017,10,Sant Martí,64,Camp de l'Arpa del Clot,12,39102
2017,10,Sant Martí,64,Camp de l'Arpa del Clot,13,32323
2017,10,Sant Martí,64,Camp de l'Arpa del Clot,14,33609
2017,10,Sant Martí,64,Camp de l'Arpa del Clot,15,37390
2017,10,Sant Martí,64,Camp de l'Arpa del Clot,16,40015
2017,10,Sant Martí,64,Camp de l'Arpa del Clot,17,34611
2017,10,Sant Martí,64,Camp de l'Arpa del Clot,18,30874
2017,10,Sant Martí,64,Camp de l'Arpa del Clot,19,34096
2017,10,Sant Martí,64,Camp de l'Arpa del Clot,20,30378
2017,10,Sant Martí,64,Camp de l'Arpa del Clot,21,31203
2017,10,Sant Martí,64,Camp de l'Arpa del Clot,22,33692
2017,10,Sant Martí,64,Camp de l'Arpa del Clot,23,33093
2017,10,Sant Martí,64,Camp de l'Arpa del Clot,24,36237
2017,10,Sant Martí,64,Camp de l'Arpa del Clot,25,33672
2017,10,Sant Martí,65,el Clot,26,37398
2017,10,Sant Martí,65,el Clot,27,35293
2017,10,Sant Martí,65,el Clot,28,37216
2017,10,Sant Martí,65,el Clot,29,33664
2017,10,Sant Martí,65,el Clot,30,35121
2017,10,Sant Martí,65,el Clot,31,32266
2017,10,Sant Martí,65,el Clot,32,38482
2017,10,Sant Martí,65,el Clot,33,39455
2017,10,Sant Martí,65,el Clot,34,33999
2017,10,Sant Martí,65,el Clot,35,42546
2017,10,Sant Martí,65,el Clot,36,43987
2017,10,Sant Martí,65,el Clot,37,29329
2017,10,Sant Martí,65,el Clot,38,35288
2017,10,Sant Martí,65,el Clot,39,33018
2017,10,Sant Martí,65,el Clot,40,34066
2017,10,Sant Martí,65,el Clot,41,34404
2017,10,Sant Martí,66,el Parc i la Llacuna del Poblenou,42,30562
2017,10,Sant Martí,66,el Parc i la Llacuna del Poblenou,43,29995
2017,10,Sant Martí,66,el Parc i la Llacuna del Poblenou,44,35536
2017,10,Sant Martí,66,el Parc i la Llacuna del Poblenou,45,42754
2017,10,Sant Martí,66,el Parc i la Llacuna del Poblenou,46,37863
2017,10,Sant Martí,66,el Parc i la Llacuna del Poblenou,47,37866
2017,10,Sant Martí,66,el Parc i la Llacuna del Poblenou,48,37308
2017,10,Sant Martí,66,el Parc i la Llacuna del Poblenou,49,38960
2017,10,Sant Martí,66,el Parc i la Llacuna del Poblenou,50,39712
2017,10,Sant Martí,67,la Vila Olímpica del Poblenou,51,43248
2017,10,Sant Martí,67,la Vila Olímpica del Poblenou,52,56756
2017,10,Sant Martí,67,la Vila Olímpica del Poblenou,53,66913
2017,10,Sant Martí,67,la Vila Olímpica del Poblenou,54,56956
2017,10,Sant Martí,67,la Vila Olímpica del Poblenou,55,67055
2017,10,Sant Martí,68,el Poblenou,56,30301
2017,10,Sant Martí,68,el Poblenou,57,28741
2017,10,Sant Martí,68,el Poblenou,58,29370
2017,10,Sant Martí,68,el Poblenou,59,36589
2017,10,Sant Martí,68,el Poblenou,60,32684
2017,10,Sant Martí,68,el Poblenou,61,42322
2017,10,Sant Martí,68,el Poblenou,62,43219
2017,10,Sant Martí,68,el Poblenou,63,39803
2017,10,Sant Martí,68,el Poblenou,64,37285
2017,10,Sant Martí,68,el Poblenou,65,39877
2017,10,Sant Martí,68,el Poblenou,66,39707
2017,10,Sant Martí,68,el Poblenou,67,56276
2017,10,Sant Martí,68,el Poblenou,68,44386
2017,10,Sant Martí,68,el Poblenou,69,40912
2017,10,Sant Martí,68,el Poblenou,70,32301
2017,10,Sant Martí,68,el Poblenou,71,42985
2017,10,Sant Martí,68,el Poblenou,72,36131
2017,10,Sant Martí,68,el Poblenou,73,31642
2017,10,Sant Martí,68,el Poblenou,74,32879
2017,10,Sant Martí,68,el Poblenou,75,34180
2017,10,Sant Martí,69,Diagonal Mar i el Front Marítim del Poblenou,76,34904
2017,10,Sant Martí,69,Diagonal Mar i el Front Marítim del Poblenou,77,52388
2017,10,Sant Martí,69,Diagonal Mar i el Front Marítim del Poblenou,78,51505
2017,10,Sant Martí,69,Diagonal Mar i el Front Marítim del Poblenou,79,44122
2017,10,Sant Martí,69,Diagonal Mar i el Front Marítim del Poblenou,80,59041
2017,10,Sant Martí,70,el Besòs i el Maresme,81,26702
2017,10,Sant Martí,70,el Besòs i el Maresme,82,21084
2017,10,Sant Martí,70,el Besòs i el Maresme,83,21098
2017,10,Sant Martí,70,el Besòs i el Maresme,84,23034
2017,10,Sant Martí,70,el Besòs i el Maresme,85,22343
2017,10,Sant Martí,70,el Besòs i el Maresme,86,23618
2017,10,Sant Martí,70,el Besòs i el Maresme,87,22597
2017,10,Sant Martí,70,el Besòs i el Maresme,88,32517
2017,10,Sant Martí,70,el Besòs i el Maresme,89,23458
2017,10,Sant Martí,70,el Besòs i el Maresme,90,26943
2017,10,Sant Martí,70,el Besòs i el Maresme,91,27953
2017,10,Sant Martí,70,el Besòs i el Maresme,92,34903
2017,10,Sant Martí,70,el Besòs i el Maresme,93,36021
2017,10,Sant Martí,71,Provençals del Poblenou,94,39759
2017,10,Sant Martí,71,Provençals del Poblenou,95,29207
2017,10,Sant Martí,71,Provençals del Poblenou,96,42815
2017,10,Sant Martí,71,Provençals del Poblenou,97,39885
2017,10,Sant Martí,71,Provençals del Poblenou,98,40190
2017,10,Sant Martí,71,Provençals del Poblenou,99,28735
2017,10,Sant Martí,71,Provençals del Poblenou,100,30863
2017,10,Sant Martí,71,Provençals del Poblenou,101,34615
2017,10,Sant Martí,71,Provençals del Poblenou,102,30010
2017,10,Sant Martí,71,Provençals del Poblenou,103,33920
2017,10,Sant Martí,71,Provençals del Poblenou,104,40471
2017,10,Sant Martí,72,Sant Martí de Provençals,105,35300
2017,10,Sant Martí,72,Sant Martí de Provençals,106,32708
2017,10,Sant Martí,72,Sant Martí de Provençals,107,42735
2017,10,Sant Martí,72,Sant Martí de Provençals,108,31447
2017,10,Sant Martí,72,Sant Martí de Provençals,109,29892
2017,10,Sant Martí,72,Sant Martí de Provençals,110,28437
2017,10,Sant Martí,72,Sant Martí de Provençals,111,31497
2017,10,Sant Martí,72,Sant Martí de Provençals,112,42182
2017,10,Sant Martí,72,Sant Martí de Provençals,113,32363
2017,10,Sant Martí,72,Sant Martí de Provençals,114,27728
2017,10,Sant Martí,72,Sant Martí de Provençals,115,29379
2017,10,Sant Martí,72,Sant Martí de Provençals,116,27504
2017,10,Sant Martí,72,Sant Martí de Provençals,117,30511
2017,10,Sant Martí,72,Sant Martí de Provençals,118,41783
2017,10,Sant Martí,72,Sant Martí de Provençals,119,27129
2017,10,Sant Martí,72,Sant Martí de Provençals,120,29030
2017,10,Sant Martí,72,Sant Martí de Provençals,121,29993
2017,10,Sant Martí,72,Sant Martí de Provençals,122,39960
2017,10,Sant Martí,73,la Verneda i la Pau,123,31435
2017,10,Sant Martí,73,la Verneda i la Pau,124,35611
2017,10,Sant Martí,73,la Verneda i la Pau,125,30618
2017,10,Sant Martí,73,la Verneda i la Pau,126,35898
2017,10,Sant Martí,73,la Verneda i la Pau,127,36261
2017,10,Sant Martí,73,la Verneda i la Pau,128,34665
2017,10,Sant Martí,73,la Verneda i la Pau,129,39110
2017,10,Sant Martí,73,la Verneda i la Pau,130,30018
2017,10,Sant Martí,73,la Verneda i la Pau,131,41754
2017,10,Sant Martí,73,la Verneda i la Pau,132,30816
2017,10,Sant Martí,73,la Verneda i la Pau,133,29294
2017,10,Sant Martí,73,la Verneda i la Pau,134,26141
2017,10,Sant Martí,73,la Verneda i la Pau,135,29876
2017,10,Sant Martí,73,la Verneda i la Pau,136,30880
2017,10,Sant Martí,73,la Verneda i la Pau,137,27372
2017,10,Sant Martí,73,la Verneda i la Pau,138,24299
2017,10,Sant Martí,73,la Verneda i la Pau,139,26527
2017,10,Sant Martí,73,la Verneda i la Pau,140,27302
2017,10,Sant Martí,73,la Verneda i la Pau,141,27176
2017,10,Sant Martí,73,la Verneda i la Pau,142,25602
2017,10,Sant Martí,73,la Verneda i la Pau,143,29207
2017,10,Sant Martí,65,el Clot,234,34738
2017,10,Sant Martí,69,Diagonal Mar i el Front Marítim del Poblenou,235,27543
2017,10,Sant Martí,69,Diagonal Mar i el Front Marítim del Poblenou,236,30067
2017,10,Sant Martí,71,Provençals del Poblenou,237,27791
